loop,hole,par,index_front,index_back,tee_row,distance_m
blau,1,4,5,6,28,335
blau,2,5,3,4,28,494
blau,3,4,9,10,28,321
blau,4,4,13,14,28,310
blau,5,3,15,16,28,182
blau,6,4,1,2,28,365
blau,7,3,7,8,28,180
blau,8,5,11,12,28,481
blau,9,3,17,18,28,139
blau,1,4,5,6,27,315
blau,2,5,3,4,27,478
blau,3,4,9,10,27,311
blau,4,4,13,14,27,305
blau,5,3,15,16,27,162
blau,6,4,1,2,27,347
blau,7,3,7,8,27,152
blau,8,5,11,12,27,450
blau,9,3,17,18,27,139
blau,1,4,5,6,25,295
blau,2,5,3,4,25,450
blau,3,4,9,10,25,293
blau,4,4,13,14,25,292
blau,5,3,15,16,25,142
blau,6,4,1,2,25,327
blau,7,3,7,8,25,137
blau,8,5,11,12,25,424
blau,9,3,17,18,25,120
blau,1,4,5,6,24,285
blau,2,5,3,4,24,429
blau,3,4,9,10,24,286
blau,4,4,13,14,24,287
blau,5,3,15,16,24,122
blau,6,4,1,2,24,307
blau,7,3,7,8,24,137
blau,8,5,11,12,24,384
blau,9,3,17,18,24,120
gelb,1,4,13,14,30,342
gelb,2,4,3,4,30,393
gelb,3,3,11,12,30,173
gelb,4,5,5,6,30,513
gelb,5,3,17,18,30,152
gelb,6,4,1,2,30,358
gelb,7,4,9,10,30,338
gelb,8,4,7,8,30,311
gelb,9,5,15,16,30,448
gelb,1,4,13,14,29,330
gelb,2,4,3,4,29,381
gelb,3,3,11,12,29,162
gelb,4,5,5,6,29,501
gelb,5,3,17,18,29,152
gelb,6,4,1,2,29,338
gelb,7,4,9,10,29,327
gelb,8,4,7,8,29,302
gelb,9,5,15,16,29,431
gelb,1,4,13,14,27,304
gelb,2,4,3,4,27,348
gelb,3,3,11,12,27,145
gelb,4,5,5,6,27,458
gelb,5,3,17,18,27,136
gelb,6,4,1,2,27,321
gelb,7,4,9,10,27,298
gelb,8,4,7,8,27,282
gelb,9,5,15,16,27,405
gelb,1,4,13,14,26,292
gelb,2,4,3,4,26,336
gelb,3,3,11,12,26,135
gelb,4,5,5,6,26,446
gelb,5,3,17,18,26,136
gelb,6,4,1,2,26,304
gelb,7,4,9,10,26,286
gelb,8,4,7,8,26,272
gelb,9,5,15,16,26,393
rot,1,5,5,6,28,451
rot,2,3,15,16,28,192
rot,3,4,3,4,28,372
rot,4,4,13,14,28,350
rot,5,3,9,10,28,169
rot,6,4,11,12,28,348
rot,7,4,1,2,28,343
rot,8,3,17,18,28,126
rot,9,5,7,8,28,461
rot,1,5,5,6,27,414
rot,2,3,15,16,27,164
rot,3,4,3,4,27,357
rot,4,4,13,14,27,350
rot,5,3,9,10,27,159
rot,6,4,11,12,27,334
rot,7,4,1,2,27,334
rot,8,3,17,18,27,126
rot,9,5,7,8,27,439
rot,1,5,5,6,25,385
rot,2,3,15,16,25,143
rot,3,4,3,4,25,341
rot,4,4,13,14,25,340
rot,5,3,9,10,25,139
rot,6,4,11,12,25,305
rot,7,4,1,2,25,303
rot,8,3,17,18,25,113
rot,9,5,7,8,25,419
rot,1,5,5,6,24,365
rot,2,3,15,16,24,131
rot,3,4,3,4,24,323
rot,4,4,13,14,24,340
rot,5,3,9,10,24,134
rot,6,4,11,12,24,295
rot,7,4,1,2,24,282
rot,8,3,17,18,24,113
rot,9,5,7,8,24,385
gruen,1,4,7,8,28,358
gruen,2,4,9,10,28,327
gruen,3,3,11,12,28,182
gruen,4,5,3,4,28,443
gruen,5,3,15,16,28,173
gruen,6,4,5,6,28,367
gruen,7,5,13,14,28,462
gruen,8,4,1,2,28,340
gruen,9,3,17,18,28,140
gruen,1,4,7,8,26,338
gruen,2,4,9,10,26,327
gruen,3,3,11,12,26,161
gruen,4,5,3,4,26,424
gruen,5,3,15,16,26,153
gruen,6,4,5,6,26,351
gruen,7,5,13,14,26,422
gruen,8,4,1,2,26,330
gruen,9,3,17,18,26,140
gruen,1,4,7,8,24,315
gruen,2,4,9,10,24,307
gruen,3,3,11,12,24,141
gruen,4,5,3,4,24,372
gruen,5,3,15,16,24,140
gruen,6,4,5,6,24,321
gruen,7,5,13,14,24,407
gruen,8,4,1,2,24,308
gruen,9,3,17,18,24,120
gruen,1,4,7,8,23,296
gruen,2,4,9,10,23,307
gruen,3,3,11,12,23,131
gruen,4,5,3,4,23,364
gruen,5,3,15,16,23,127
gruen,6,4,5,6,23,312
gruen,7,5,13,14,23,383
gruen,8,4,1,2,23,298
gruen,9,3,17,18,23,120
