id,tee,rating,slope
golf-club-zuerich,white,72.4,132
golf-club-zuerich,yellow,70.8,128
golf-club-zuerich,blue,69,122
golf-club-zuerich,red,71.2,125
schloss-schoenbuehl,white,72.4,132
schloss-schoenbuehl,yellow,70.8,128
schloss-schoenbuehl,blue,69,122
schloss-schoenbuehl,red,71.2,125
lausanne,white,72.4,132
lausanne,yellow,70.8,128
lausanne,blue,69,122
lausanne,red,71.2,125
crans-sur-sierre,white,72.4,132
crans-sur-sierre,yellow,70.8,128
crans-sur-sierre,blue,69,122
crans-sur-sierre,red,71.2,125
bad-ragaz,white,72.4,132
bad-ragaz,yellow,70.8,128
bad-ragaz,blue,69,122
bad-ragaz,red,71.2,125
davos,white,72.4,132
davos,yellow,70.8,128
davos,blue,69,122
davos,red,71.2,125
interlaken,white,72.4,132
interlaken,yellow,70.8,128
interlaken,blue,69,122
interlaken,red,71.2,125
lugano,white,72.4,132
lugano,yellow,70.8,128
lugano,blue,69,122
lugano,red,71.2,125
basel,white,72.4,132
basel,yellow,70.8,128
basel,blue,69,122
basel,red,71.2,125
zuerichsee,white,72.4,132
zuerichsee,yellow,70.8,128
zuerichsee,blue,69,122
zuerichsee,red,71.2,125
